{
    "loss": 13.687346458435059,
    "accuracy": 0.5467625856399536
}