{
    "loss": 8.26264476776123,
    "accuracy": 0.5035971403121948
}